<?xml version="1.0" encoding="utf-8"?>
<document-metadata version="1.0" xmlns="http://breeze.macromedia.com/">
	<document-info>
		<title>Optimal Use of the Unlimited Marital Deduction</title>
		<summary>Upon the first death, it may be less than optimal to apply the unlimited marital deduction to 100% of the estate ...</summary>
		<author/>
		<keywords/>
		<thumbnail href="data/thumb/thumb_slide_000001.jpg"/><view-link href="/Viewer.swf?slide={position}"/>
	</document-info>
	<section type="slide" position="1" xmlns="">
		<title></title>
		<content>Optimal Use of the Unlimited Marital Deduction A graduate of Vanderbilt University and the Kellogg Graduate School of Management, Rick Tyler is the former Chief Fiduciary Executive for Barnett Banks Trust Company.  A frequent speaker, his comments draw upon over 20 years of experience in the Financial Services industry. Presented by Rick Tyler   </content>
		<related-content></related-content>
		<thumbnail href="data/thumb/thumb_slide_000001.jpg"/></section>
	<section type="slide" position="2" xmlns="">
		<title></title>
		<content>Upon the first death, it may be less than optimal to apply the unlimited marital deduction to 100% of the estate: It increases the size and potential tax exposure of the survivor’s estate.   Forfeit the Applicable Credit in the first estate. 1. Utilize the Applicable Credit to exclude as much      as possible from taxation. 2. Apply the marital deduction to the balance to      defer taxes until the second death. Optimal Use of the Unlimited Marital Deduction </content>
		<related-content>Many&amp;#x20;reasons&amp;#x20;are&amp;#x20;often&amp;#x20;given&amp;#x20;to&amp;#x20;stress&amp;#x20;the&amp;#x20;importance&amp;#x20;of&amp;#x20;helping&amp;#x20;clients&amp;#x20;address&amp;#x20;their&amp;#x20;estate&amp;#x20;planning&amp;#x20;needs.&amp;#x20;&amp;#x20;For&amp;#x20;example,&lt;br&gt;&lt;br&gt;[click[&amp;#x20;Clients&amp;#x20;tend&amp;#x20;to&amp;#x20;procrastinate&amp;#x20;planning&amp;#x20;their&amp;#x20;estates,&amp;#x20;and&amp;#x20;need&amp;#x20;someone&amp;#x20;to&amp;#x20;motivate&amp;#x20;them.&lt;br&gt;[click]&amp;#x20;Clients&amp;#x20;lack&amp;#x20;the&amp;#x20;necessary&amp;#x20;technical&amp;#x20;expertise&amp;#x20;to&amp;#x20;recognize&amp;#x20;they&amp;#x20;have&amp;#x20;a&amp;#x20;planning&amp;#x20;need.&lt;br&gt;[click]&amp;#x20;Or,&amp;#x20;it&amp;#x20;is&amp;#x20;an&amp;#x20;excellent&amp;#x20;way&amp;#x20;to&amp;#x20;identify&amp;#x20;assets&amp;#x20;that&amp;#x20;you&amp;#x20;are&amp;#x20;not&amp;#x20;currently&amp;#x20;managing.&lt;br&gt;&lt;br&gt;All&amp;#x20;of&amp;#x20;these&amp;#x20;points&amp;#x20;are&amp;#x20;true&amp;#x2026;.&lt;br&gt;&lt;br&gt;&lt;br&gt;</related-content>
		<thumbnail href="data/thumb/thumb_slide_000002.jpg"/></section>
</document-metadata>
