<?xml version="1.0" encoding="utf-8"?>
<configuration>
	<colors>
		<uicolor name="primary" value="0xAF6F29"/>
		<uicolor name="glow" value="0xD8A428"/>
		<uicolor name="text" value="0xFFFFFF"/>
		<uicolor name="light" value="0x4E5D60"/>
		<uicolor name="shadow" value="0x000000"/>
		<uicolor name="background" value="0xFFFFFF"/>
	</colors>
	<layout>
		<uishow name="presentationtitle" value="true"/><uishow name="presenterphoto" value="true"/><uishow name="presentername" value="true"/><uishow name="presentertitle" value="true"/><uishow name="presenteremail" value="true"/><uishow name="presenterbio" value="true"/><uishow name="companylogo" value="true"/><uishow name="sidebar" value="false"/><uishow name="outline" value="true"/><uishow name="thumbnail" value="true"/>
		<uishow name="notes" value="true"/><uishow name="search" value="true"/><uishow name="attachments" value="true"/><uishow name="utils" value="true"/><uishow name="volume" value="true"/><uishow name="playbar" value="true"/><uishow name="talkinghead" value="true"/><uishow name="sidebaronright" value="true"/><uishow name="viewchange" value="false"/><uishow name="alwaysScrunch" value="true"/><uishow name="initialdisplaymodeisnormal" value="true"/><uireplace name="logo" value=""/><uireplace name="bgimage" value="custimg.jpg"/><uireplace name="initialtab" value="outline"/></layout>
	<language id="en">
		<!-- format for uifont value is "font,size,isbold,isitalic,isshadowed" -->
		<uifont name="FONT_QUIZZING" value="Verdana,9,false,false,false"/>
		<uifont name="FONT_SCRUBSTATUS" value="Verdana,9,true,false,true"/>
		<uifont name="FONT_SCRUBTIME" value="Verdana,9,false,false,true"/>
		<uifont name="FONT_ELAPSEDTIME" value="Verdana,9,true,false,true"/>
		<uifont name="FONT_UTILSMENU" value="Verdana,9,true,false,false"/>
		<uifont name="FONT_TABS" value="Verdana,9,true,false,true"/>
		<uifont name="FONT_PRESENTATIONNAME" value="Verdana,14,false,false,true"/>
		<uifont name="FONT_PRESENTERNAME" value="Verdana,10,true,false,true"/>
		<uifont name="FONT_PRESENTERTITLE" value="Verdana,10,false,false,true"/>
		<uifont name="FONT_BIOBTN" value="Verdana,10,false,false,true"/>
		<uifont name="FONT_NOTES" value="Verdana,11,false,false,false"/>
		<uifont name="FONT_OUTLINE" value="Verdana,11,false,false,true"/>
		<uifont name="FONT_SEARCH" value="Verdana,11,false,false,true"/>
		<uifont name="FONT_THUMB" value="Verdana,9,false,false,true"/>
		<uifont name="FONT_BIOWIN" value="Verdana,11,false,false,false"/>
		<uifont name="FONT_LISTHEADING" value="Verdana,9,false,false,false"/>
		<uifont name="FONT_WINTITLE" value="Verdana,9,false,false,true"/>
		<uifont name="FONT_ATTACHMENTS" value="Verdana,11,false,false,true"/>
		<!-- uitext -->
		<!-- substitution: %n == slide number -->
		<uitext name="UNNAMEDSLIDETITLE" value="Slide %n"/>
		<!-- substitution: %n == slide number -->
		<!-- substitution: %t == total slide count -->
		<uitext name="SCRUBBARSTATUS_SLIDEINFO" value="Slide %n / %t | "/>
		<uitext name="SCRUBBARSTATUS_STOPPED" value="Stopped"/>
		<uitext name="SCRUBBARSTATUS_PLAYING" value="Playing"/>
		<uitext name="SCRUBBARSTATUS_NOAUDIO" value="No Audio"/>
		<uitext name="SCRUBBARSTATUS_LOADING" value="Loading"/>
		<uitext name="SCRUBBARSTATUS_BUFFERING" value="Buffering"/>
		<uitext name="SCRUBBARSTATUS_QUESTION" value="Answer Question"/>
		<uitext name="SCRUBBARSTATUS_REVIEWQUIZ" value="Reviewing Quiz"/>
		<!-- substitution: %m == minutes remaining -->
		<!-- substitution: %s == seconds remaining -->
		<uitext name="ELAPSED" value="%m Minutes %s Seconds Remaining"/>
		<uitext name="NOTFOUND" value="Nothing Found"/>
		<uitext name="ATTACHMENTS" value="Attachments"/>
		<!-- substitution: %p == current speaker's title -->
		<uitext name="BIOWIN_TITLE" value="Bio: %p"/>
		<uitext name="BIOBTN_TITLE" value="Bio"/>
		<uitext name="DIVIDERBTN_TITLE" value="|"/>
		<uitext name="CONTACTBTN_TITLE" value="Contact"/>
		<uitext name="TAB_OUTLINE" value="Outline"/>
		<uitext name="TAB_THUMB" value="Thumb"/>
		<uitext name="TAB_NOTES" value="Notes"/>
		<uitext name="TAB_SEARCH" value="Search"/>
		<uitext name="SLIDE_HEADING" value="Slide Title"/>
		<uitext name="DURATION_HEADING" value="Duration"/>
		<uitext name="SEARCH_HEADING" value="Search for text:"/>
		<uitext name="THUMB_HEADING" value="Slide"/>
		<uitext name="THUMB_INFO" value="Slide Title/Duration"/>
		<uitext name="ATTACHNAME_HEADING" value="File Name"/>
		<uitext name="ATTACHSIZE_HEADING" value="Size"/>
		<uitext name="SLIDE_NOTES" value="Slide Notes"/>
		<!-- substitution: %p == presentation title -->
		<!-- substitution: %s == slide title -->
		<!-- substitution: %n == slide number -->
		<uitext name="BOOKMARK" value="Adobe Presenter - %p"/>
		<!-- substitution: %p == presentation title -->
		<!-- substitution: %s == slide title -->
		<!-- substitution: %n == slide number -->
		<uitext name="BOOKMARKSLIDE" value="Adobe Presenter - %p %s"/>
		<uitext name="SHOWSIDEBAR" value="Show sidebar to participants"/>
		<uitext name="MUTE" value="Mute"/>
		<uitext name="DOCWRAP_TITLE" value="Presenter File Attachment"/>
		<uitext name="DOCWRAP_MSG" value="Save to My Computer"/>
		<uitext name="DOCWRAP_PROMPT" value="Click to Download"/>
	</language>
	<language id="de">
		<!-- format for uifont value is "font,size,isbold,isitalic,isshadowed" -->
		<uifont name="FONT_QUIZZING" value="Verdana,9,false,false,false"/>
		<uifont name="FONT_SCRUBSTATUS" value="Verdana,9,true,false,true"/>
		<uifont name="FONT_SCRUBTIME" value="Verdana,9,false,false,true"/>
		<uifont name="FONT_ELAPSEDTIME" value="Verdana,9,true,false,true"/>
		<uifont name="FONT_UTILSMENU" value="Verdana,9,true,false,false"/>
		<uifont name="FONT_TABS" value="Verdana,9,true,false,true"/>
		<uifont name="FONT_PRESENTATIONNAME" value="Verdana,14,false,false,true"/>
		<uifont name="FONT_PRESENTERNAME" value="Verdana,10,true,false,true"/>
		<uifont name="FONT_PRESENTERTITLE" value="Verdana,10,false,false,true"/>
		<uifont name="FONT_BIOBTN" value="Verdana,10,false,false,true"/>
		<uifont name="FONT_NOTES" value="Verdana,11,false,false,false"/>
		<uifont name="FONT_OUTLINE" value="Verdana,11,false,false,true"/>
		<uifont name="FONT_SEARCH" value="Verdana,11,false,false,true"/>
		<uifont name="FONT_THUMB" value="Verdana,9,false,false,true"/>
		<uifont name="FONT_BIOWIN" value="Verdana,11,false,false,false"/>
		<uifont name="FONT_LISTHEADING" value="Verdana,9,false,false,false"/>
		<uifont name="FONT_WINTITLE" value="Verdana,9,false,false,true"/>
		<uifont name="FONT_ATTACHMENTS" value="Verdana,11,false,false,true"/>
		<!-- uitext -->
		<!-- substitution: %n == slide number -->
		<uitext name="UNNAMEDSLIDETITLE" value="Folie %n"/>
		<!-- substitution: %n == slide number -->
		<!-- substitution: %t == total slide count -->
		<uitext name="SCRUBBARSTATUS_SLIDEINFO" value="Folie %n / %t | "/>
		<uitext name="SCRUBBARSTATUS_STOPPED" value="Beendet"/>
		<uitext name="SCRUBBARSTATUS_PLAYING" value="Wiedergabe"/>
		<uitext name="SCRUBBARSTATUS_NOAUDIO" value="Kein Audio"/>
		<uitext name="SCRUBBARSTATUS_LOADING" value="Laden"/>
		<uitext name="SCRUBBARSTATUS_BUFFERING" value="Puffern"/>
		<uitext name="SCRUBBARSTATUS_QUESTION" value="Frage beantworten"/>
		<uitext name="SCRUBBARSTATUS_REVIEWQUIZ" value="Nochmals durchsehen"/>
		<!-- substitution: %m == minutes remaining -->
		<!-- substitution: %s == seconds remaining -->
		<uitext name="ELAPSED" value="Restdauer: %m Minuten %s Sekunden"/>
		<uitext name="NOTFOUND" value="Nichts gefunden"/>
		<uitext name="ATTACHMENTS" value="Anlagen"/>
		<!-- substitution: %p == current speaker's title -->
		<uitext name="BIOWIN_TITLE" value="Sprecher: %p"/>
		<uitext name="BIOBTN_TITLE" value="Sprecher"/>
		<uitext name="DIVIDERBTN_TITLE" value="|"/>
		<uitext name="CONTACTBTN_TITLE" value="Kontakt"/>
		<uitext name="TAB_OUTLINE" value="Struktur"/>
		<uitext name="TAB_THUMB" value="Miniatur"/>
		<uitext name="TAB_NOTES" value="Notizen"/>
		<uitext name="TAB_SEARCH" value="Suchen"/>
		<uitext name="SLIDE_HEADING" value="Folientitel"/>
		<uitext name="DURATION_HEADING" value="Dauer"/>
		<uitext name="SEARCH_HEADING" value="Text suchen:"/>
		<uitext name="THUMB_HEADING" value="Folie"/>
		<uitext name="THUMB_INFO" value="Folientitel/Dauer"/>
		<uitext name="ATTACHNAME_HEADING" value="Dateiname"/>
		<uitext name="ATTACHSIZE_HEADING" value="Größe"/>
		<uitext name="SLIDE_NOTES" value="Foliennotizen"/>
		<!-- substitution: %p == presentation title -->
		<!-- substitution: %s == slide title -->
		<!-- substitution: %n == slide number -->
		<uitext name="BOOKMARK" value="Adobe Presenter - %p"/>
		<!-- substitution: %p == presentation title -->
		<!-- substitution: %s == slide title -->
		<!-- substitution: %n == slide number -->
		<uitext name="BOOKMARKSLIDE" value="Adobe Presenter - %p %s"/>
		<uitext name="SHOWSIDEBAR" value="Den Teilnehmern die Seitenleiste anzeigen"/>
		<uitext name="MUTE" value="Ton aus"/>
		<uitext name="DOCWRAP_TITLE" value="Presenter-Anhang"/>
		<uitext name="DOCWRAP_MSG" value="Auf meinem Arbeitsplatz speichern"/>
		<uitext name="DOCWRAP_PROMPT" value="Zum Herunterladen klicken"/>
	</language>
	<language id="fr">
		<!-- format for uifont value is "font,size,isbold,isitalic,isshadowed" -->
		<uifont name="FONT_QUIZZING" value="Verdana,9,false,false,false"/>
		<uifont name="FONT_SCRUBSTATUS" value="Verdana,9,true,false,true"/>
		<uifont name="FONT_SCRUBTIME" value="Verdana,9,false,false,true"/>
		<uifont name="FONT_ELAPSEDTIME" value="Verdana,9,true,false,true"/>
		<uifont name="FONT_UTILSMENU" value="Verdana,9,true,false,false"/>
		<uifont name="FONT_TABS" value="Verdana,9,true,false,true"/>
		<uifont name="FONT_PRESENTATIONNAME" value="Verdana,14,false,false,true"/>
		<uifont name="FONT_PRESENTERNAME" value="Verdana,10,true,false,true"/>
		<uifont name="FONT_PRESENTERTITLE" value="Verdana,10,false,false,true"/>
		<uifont name="FONT_BIOBTN" value="Verdana,10,false,false,true"/>
		<uifont name="FONT_NOTES" value="Verdana,11,false,false,false"/>
		<uifont name="FONT_OUTLINE" value="Verdana,11,false,false,true"/>
		<uifont name="FONT_SEARCH" value="Verdana,11,false,false,true"/>
		<uifont name="FONT_THUMB" value="Verdana,9,false,false,true"/>
		<uifont name="FONT_BIOWIN" value="Verdana,11,false,false,false"/>
		<uifont name="FONT_LISTHEADING" value="Verdana,9,false,false,false"/>
		<uifont name="FONT_WINTITLE" value="Verdana,9,false,false,true"/>
		<uifont name="FONT_ATTACHMENTS" value="Verdana,11,false,false,true"/>
		<!-- uitext -->
		<!-- substitution: %n == slide number -->
		<uitext name="UNNAMEDSLIDETITLE" value="Diapositive %n"/>
		<!-- substitution: %n == slide number -->
		<!-- substitution: %t == total slide count -->
		<uitext name="SCRUBBARSTATUS_SLIDEINFO" value="Diapositive %n / %t | "/>
		<uitext name="SCRUBBARSTATUS_STOPPED" value="Arrêtée"/>
		<uitext name="SCRUBBARSTATUS_PLAYING" value="Lecture"/>
		<uitext name="SCRUBBARSTATUS_NOAUDIO" value="Pas de son"/>
		<uitext name="SCRUBBARSTATUS_LOADING" value="Chargement en cours"/>
		<uitext name="SCRUBBARSTATUS_BUFFERING" value="Mise en mémoire"/>
		<uitext name="SCRUBBARSTATUS_QUESTION" value="Répondre à la question"/>
		<uitext name="SCRUBBARSTATUS_REVIEWQUIZ" value="Révision du questionnaire"/>
		<!-- substitution: %m == minutes remaining -->
		<!-- substitution: %s == seconds remaining -->
		<uitext name="ELAPSED" value="%m minutes %s secondes restantes"/>
		<uitext name="NOTFOUND" value="Rien trouvé"/>
		<uitext name="ATTACHMENTS" value="Pièces jointes"/>
		<!-- substitution: %p == current speaker's title -->
		<uitext name="BIOWIN_TITLE" value="Bio: %p"/>
		<uitext name="BIOBTN_TITLE" value="Bio :"/>
		<uitext name="DIVIDERBTN_TITLE" value="|"/>
		<uitext name="CONTACTBTN_TITLE" value="Contact"/>
		<uitext name="TAB_OUTLINE" value="Plan"/>
		<uitext name="TAB_THUMB" value=" Miniature"/>
		<uitext name="TAB_NOTES" value="Notes"/>
		<uitext name="TAB_SEARCH" value=" Chercher"/>
		<uitext name="SLIDE_HEADING" value="Titre de la diapositive"/>
		<uitext name="DURATION_HEADING" value="Durée"/>
		<uitext name="SEARCH_HEADING" value="Recherche de texte :"/>
		<uitext name="THUMB_HEADING" value="Diapositive"/>
		<uitext name="THUMB_INFO" value="Titre/durée"/>
		<uitext name="ATTACHNAME_HEADING" value="Nom de fichier"/>
		<uitext name="ATTACHSIZE_HEADING" value="Taille"/>
		<uitext name="SLIDE_NOTES" value="Notes des diapositives"/>
		<!-- substitution: %p == presentation title -->
		<!-- substitution: %s == slide title -->
		<!-- substitution: %n == slide number -->
		<uitext name="BOOKMARK" value="Adobe Presenter - %p"/>
		<!-- substitution: %p == presentation title -->
		<!-- substitution: %s == slide title -->
		<!-- substitution: %n == slide number -->
		<uitext name="BOOKMARKSLIDE" value="Adobe Presenter - %p %s"/>
		<uitext name="SHOWSIDEBAR" value="Montrer l'encadré aux participants"/>
		<uitext name="MUTE" value="Muet"/>
		<uitext name="DOCWRAP_TITLE" value="Pièce jointe Presenter"/>
		<uitext name="DOCWRAP_MSG" value="Enregistrer sur mon ordinateur"/>
		<uitext name="DOCWRAP_PROMPT" value="Cliquer pour télécharger"/>
	</language>
	<language id="ja">
		<!-- format for uifont value is "font,size,isbold,isitalic,isshadowed" -->
		<uifont name="FONT_QUIZZING" value="Verdana,9,false,false,false"/>
		<uifont name="FONT_SCRUBSTATUS" value="Verdana,11,false,false,true"/>
		<uifont name="FONT_SCRUBTIME" value="Verdana,9,false,false,true"/>
		<uifont name="FONT_ELAPSEDTIME" value="Verdana,11,true,false,false"/>
		<uifont name="FONT_UTILSMENU" value="Verdana,9,true,false,false"/>
		<uifont name="FONT_TABS" value="Verdana,10,false,false,false"/>
		<uifont name="FONT_PRESENTATIONNAME" value="Verdana,15,false,false,true"/>
		<uifont name="FONT_PRESENTERNAME" value="Verdana,15,true,false,true"/>
		<uifont name="FONT_PRESENTERTITLE" value="Verdana,11,false,false,true"/>
		<uifont name="FONT_BIOBTN" value="Verdana,10,false,false,true"/>
		<uifont name="FONT_NOTES" value="Verdana,11,false,false,false"/>
		<uifont name="FONT_OUTLINE" value="Verdana,11,false,false,true"/>
		<uifont name="FONT_SEARCH" value="Verdana,11,false,false,true"/>
		<uifont name="FONT_THUMB" value="Verdana,11,false,false,true"/>
		<uifont name="FONT_BIOWIN" value="Verdana,11,false,false,false"/>
		<uifont name="FONT_LISTHEADING" value="Verdana,11,false,false,false"/>
		<uifont name="FONT_WINTITLE" value="Verdana,11,false,false,true"/>
		<uifont name="FONT_ATTACHMENTS" value="Verdana,11,false,false,true"/>
		<!-- uitext -->
		<!-- substitution: %n == slide number -->
		<uitext name="UNNAMEDSLIDETITLE" value="スライド : %n"/>
		<!-- substitution: %n == slide number -->
		<!-- substitution: %t == total slide count -->
		<uitext name="SCRUBBARSTATUS_SLIDEINFO" value="スライド : %n / %t | "/>
		<uitext name="SCRUBBARSTATUS_STOPPED" value="停止"/>
		<uitext name="SCRUBBARSTATUS_PLAYING" value="再生中"/>
		<uitext name="SCRUBBARSTATUS_NOAUDIO" value="音声なし"/>
		<uitext name="SCRUBBARSTATUS_LOADING" value="ロード中"/>
		<uitext name="SCRUBBARSTATUS_BUFFERING" value="バッファ中"/>
		<uitext name="SCRUBBARSTATUS_QUESTION" value="質問に答えて下さい"/>
		<uitext name="SCRUBBARSTATUS_REVIEWQUIZ" value="クイズをレビューしています"/>
		<!-- substitution: %m == minutes remaining -->
		<!-- substitution: %s == seconds remaining -->
		<uitext name="ELAPSED" value="残り : %m 分 %s 秒"/>
		<uitext name="NOTFOUND" value="何も見つかりません"/>
		<uitext name="ATTACHMENTS" value="添付"/>
		<!-- substitution: %p == current speaker's title -->
		<uitext name="BIOWIN_TITLE" value="経歴 : %p"/>
		<uitext name="BIOBTN_TITLE" value="経歴"/>
		<uitext name="DIVIDERBTN_TITLE" value="|"/>
		<uitext name="CONTACTBTN_TITLE" value="お問い合わせ"/>
		<uitext name="TAB_OUTLINE" value="アウトライン"/>
		<uitext name="TAB_THUMB" value="サムネール"/>
		<uitext name="TAB_NOTES" value="ノート"/>
		<uitext name="TAB_SEARCH" value="検索"/>
		<uitext name="SLIDE_HEADING" value="スライドタイトル"/>
		<uitext name="DURATION_HEADING" value="長さ"/>
		<uitext name="SEARCH_HEADING" value="検索するテキスト : "/>
		<uitext name="THUMB_HEADING" value="スライド"/>
		<uitext name="THUMB_INFO" value="スライドタイトル / 長さ"/>
		<uitext name="ATTACHNAME_HEADING" value="ファイル名"/>
		<uitext name="ATTACHSIZE_HEADING" value="サイズ"/>
		<uitext name="SLIDE_NOTES" value="スライドノート"/>
		<!-- substitution: %p == presentation title -->
		<!-- substitution: %s == slide title -->
		<!-- substitution: %n == slide number -->
		<uitext name="BOOKMARK" value="Adobe Presenter - %p"/>
		<!-- substitution: %p == presentation title -->
		<!-- substitution: %s == slide title -->
		<!-- substitution: %n == slide number -->
		<uitext name="BOOKMARKSLIDE" value="Adobe Presenter - %p %s"/>
		<uitext name="SHOWSIDEBAR" value="サイドバーを参加者に見せる"/>
		<uitext name="MUTE" value="ミュート"/>
		<uitext name="DOCWRAP_TITLE" value="Presenter 添付ファイル"/>
		<uitext name="DOCWRAP_MSG" value="マイコンピュータに保存"/>
		<uitext name="DOCWRAP_PROMPT" value="クリックしてダウンロード"/>
	</language>
	<language id="ko">
		<!-- format for uifont value is "font,size,isbold,isitalic,isshadowed" -->
		<uifont name="FONT_QUIZZING" value="Verdana,9,false,false,false"/>
		<uifont name="FONT_SCRUBSTATUS" value="Verdana,11,false,false,true"/>
		<uifont name="FONT_SCRUBTIME" value="Verdana,9,false,false,true"/>
		<uifont name="FONT_ELAPSEDTIME" value="Verdana,11,true,false,false"/>
		<uifont name="FONT_UTILSMENU" value="Verdana,9,true,false,false"/>
		<uifont name="FONT_TABS" value="Verdana,11,false,false,false"/>
		<uifont name="FONT_PRESENTATIONNAME" value="Verdana,15,false,false,true"/>
		<uifont name="FONT_PRESENTERNAME" value="Verdana,15,true,false,true"/>
		<uifont name="FONT_PRESENTERTITLE" value="Verdana,11,false,false,true"/>
		<uifont name="FONT_BIOBTN" value="Verdana,11,false,false,true"/>
		<uifont name="FONT_NOTES" value="Verdana,11,false,false,false"/>
		<uifont name="FONT_OUTLINE" value="Verdana,11,false,false,true"/>
		<uifont name="FONT_SEARCH" value="Verdana,11,false,false,true"/>
		<uifont name="FONT_THUMB" value="Verdana,11,false,false,true"/>
		<uifont name="FONT_BIOWIN" value="Verdana,11,false,false,false"/>
		<uifont name="FONT_LISTHEADING" value="Verdana,11,false,false,false"/>
		<uifont name="FONT_WINTITLE" value="Verdana,11,false,false,true"/>
		<uifont name="FONT_ATTACHMENTS" value="Verdana,11,false,false,true"/>
		<!-- uitext -->
		<!-- substitution: %n == slide number -->
		<uitext name="UNNAMEDSLIDETITLE" value="슬라이드 %n"/>
		<!-- substitution: %n == slide number -->
		<!-- substitution: %t == total slide count -->
		<uitext name="SCRUBBARSTATUS_SLIDEINFO" value="슬라이드 %n / %t | "/>
		<uitext name="SCRUBBARSTATUS_STOPPED" value="중지됨"/>
		<uitext name="SCRUBBARSTATUS_PLAYING" value="재생"/>
		<uitext name="SCRUBBARSTATUS_NOAUDIO" value="오디오 없음"/>
		<uitext name="SCRUBBARSTATUS_LOADING" value="로딩"/>
		<uitext name="SCRUBBARSTATUS_BUFFERING" value="버퍼링"/>
		<uitext name="SCRUBBARSTATUS_QUESTION" value="질문에 답하기"/>
		<uitext name="SCRUBBARSTATUS_REVIEWQUIZ" value="질문 다시보기"/>
		<!-- substitution: %m == minutes remaining -->
		<!-- substitution: %s == seconds remaining -->
		<uitext name="ELAPSED" value="%m분 %s초 남음"/>
		<uitext name="NOTFOUND" value="없음"/>
		<uitext name="ATTACHMENTS" value="첨부 파일"/>
		<!-- substitution: %p == current speaker's title -->
		<uitext name="BIOWIN_TITLE" value="경력 소개: %p"/>
		<uitext name="BIOBTN_TITLE" value="경력 소개"/>
		<uitext name="DIVIDERBTN_TITLE" value="|"/>
		<uitext name="CONTACTBTN_TITLE" value="연락처"/>
		<uitext name="TAB_OUTLINE" value="개요"/>
		<uitext name="TAB_THUMB" value="축소판"/>
		<uitext name="TAB_NOTES" value="노트"/>
		<uitext name="TAB_SEARCH" value="검색"/>
		<uitext name="SLIDE_HEADING" value="슬라이드 제목"/>
		<uitext name="DURATION_HEADING" value="재생시간"/>
		<uitext name="SEARCH_HEADING" value="텍스트 검색:"/>
		<uitext name="THUMB_HEADING" value="슬라이드"/>
		<uitext name="THUMB_INFO" value="제목/재생시간"/>
		<uitext name="ATTACHNAME_HEADING" value="파일 이름"/>
		<uitext name="ATTACHSIZE_HEADING" value="크기"/>
		<uitext name="SLIDE_NOTES" value="슬라이드 노트"/>
		<!-- substitution: %p == presentation title -->
		<!-- substitution: %s == slide title -->
		<!-- substitution: %n == slide number -->
		<uitext name="BOOKMARK" value="Adobe Presenter - %p"/>
		<!-- substitution: %p == presentation title -->
		<!-- substitution: %s == slide title -->
		<!-- substitution: %n == slide number -->
		<uitext name="BOOKMARKSLIDE" value="Adobe Presenter - %p %s"/>
		<uitext name="SHOWSIDEBAR" value="참여자에게 세로 막대 보이기"/>
		<uitext name="MUTE" value="음소거"/>
		<uitext name="DOCWRAP_TITLE" value="Presenter 파일 첨부"/>
		<uitext name="DOCWRAP_MSG" value="내 컴퓨터에 저장"/>
		<uitext name="DOCWRAP_PROMPT" value="클릭하여 다운로드"/>
	</language>
	<language id="es">
		<!-- format for uifont value is "font,size,isbold,isitalic,isshadowed" -->
		<uifont name="FONT_QUIZZING" value="Verdana,9,false,false,false"/>
		<uifont name="FONT_SCRUBSTATUS" value="Verdana,9,true,false,true"/>
		<uifont name="FONT_SCRUBTIME" value="Verdana,9,false,false,true"/>
		<uifont name="FONT_ELAPSEDTIME" value="Verdana,9,true,false,true"/>
		<uifont name="FONT_UTILSMENU" value="Verdana,9,true,false,false"/>
		<uifont name="FONT_TABS" value="Verdana,9,true,false,true"/>
		<uifont name="FONT_PRESENTATIONNAME" value="Verdana,14,false,false,true"/>
		<uifont name="FONT_PRESENTERNAME" value="Verdana,10,true,false,true"/>
		<uifont name="FONT_PRESENTERTITLE" value="Verdana,10,false,false,true"/>
		<uifont name="FONT_BIOBTN" value="Verdana,10,false,false,true"/>
		<uifont name="FONT_NOTES" value="Verdana,11,false,false,false"/>
		<uifont name="FONT_OUTLINE" value="Verdana,11,false,false,true"/>
		<uifont name="FONT_SEARCH" value="Verdana,11,false,false,true"/>
		<uifont name="FONT_THUMB" value="Verdana,9,false,false,true"/>
		<uifont name="FONT_BIOWIN" value="Verdana,11,false,false,false"/>
		<uifont name="FONT_LISTHEADING" value="Verdana,9,false,false,false"/>
		<uifont name="FONT_WINTITLE" value="Verdana,9,false,false,true"/>
		<uifont name="FONT_ATTACHMENTS" value="Verdana,11,false,false,true"/>
		<!-- uitext -->
		<!-- substitution: %n == slide number -->
		<uitext name="UNNAMEDSLIDETITLE" value="Diapositiva %n"/>
		<!-- substitution: %n == slide number -->
		<!-- substitution: %t == total slide count -->
		<uitext name="SCRUBBARSTATUS_SLIDEINFO" value="Diapositiva %n / %t | "/>
		<uitext name="SCRUBBARSTATUS_STOPPED" value="Detenida"/>
		<uitext name="SCRUBBARSTATUS_PLAYING" value="Reproduciendo"/>
		<uitext name="SCRUBBARSTATUS_NOAUDIO" value="Sin sonido"/>
		<uitext name="SCRUBBARSTATUS_LOADING" value="Cargando"/>
		<uitext name="SCRUBBARSTATUS_BUFFERING" value="Almacenando en búfer"/>
		<uitext name="SCRUBBARSTATUS_QUESTION" value="Contestar pregunta"/>
		<uitext name="SCRUBBARSTATUS_REVIEWQUIZ" value="Revisando prueba"/>
		<!-- substitution: %m == minutes remaining -->
		<!-- substitution: %s == seconds remaining -->
		<uitext name="ELAPSED" value="%m minutos %s segundos restantes"/>
		<uitext name="NOTFOUND" value="No se ha encontrado nada"/>
		<uitext name="ATTACHMENTS" value="Archivos adjuntos"/>
		<!-- substitution: %p == current speaker's title -->
		<uitext name="BIOWIN_TITLE" value="Biografía: %p"/>
		<uitext name="BIOBTN_TITLE" value="Biografía"/>
		<uitext name="DIVIDERBTN_TITLE" value="|"/>
		<uitext name="CONTACTBTN_TITLE" value="Contacto"/>
		<uitext name="TAB_OUTLINE" value="Contorno"/>
		<uitext name="TAB_THUMB" value="Miniat."/>
		<uitext name="TAB_NOTES" value="Notas"/>
		<uitext name="TAB_SEARCH" value="Buscar"/>
		<uitext name="SLIDE_HEADING" value="Título de diapositiva"/>
		<uitext name="DURATION_HEADING" value="Durac."/>
		<uitext name="SEARCH_HEADING" value="Buscar texto:"/>
		<uitext name="THUMB_HEADING" value="Diapositiva"/>
		<uitext name="THUMB_INFO" value="Dur./Tít. diap."/>
		<uitext name="ATTACHNAME_HEADING" value="Nombre de archivo"/>
		<uitext name="ATTACHSIZE_HEADING" value="Tamaño"/>
		<uitext name="SLIDE_NOTES" value="Notas de diapositiva"/>
		<!-- substitution: %p == presentation title -->
		<!-- substitution: %s == slide title -->
		<!-- substitution: %n == slide number -->
		<uitext name="BOOKMARK" value="Adobe Presenter: %p"/>
		<!-- substitution: %p == presentation title -->
		<!-- substitution: %s == slide title -->
		<!-- substitution: %n == slide number -->
		<uitext name="BOOKMARKSLIDE" value="Adobe Presenter: %p %s"/>
		<uitext name="SHOWSIDEBAR" value="Mostrar barra lateral a los participantes"/>
		<uitext name="MUTE" value="Silenciar"/>
		<uitext name="DOCWRAP_TITLE" value="Archivo adjunto de Presenter"/>
		<uitext name="DOCWRAP_MSG" value="Guardar en Mi PC"/>
		<uitext name="DOCWRAP_PROMPT" value="Haga clic en Descargar"/>
	</language>
	<language id="pt">
		<!-- format for uifont value is "font,size,isbold,isitalic,isshadowed" -->
		<uifont name="FONT_QUIZZING" value="Verdana,9,false,false,false"/>
		<uifont name="FONT_SCRUBSTATUS" value="Verdana,9,true,false,true"/>
		<uifont name="FONT_SCRUBTIME" value="Verdana,9,false,false,true"/>
		<uifont name="FONT_ELAPSEDTIME" value="Verdana,9,true,false,true"/>
		<uifont name="FONT_UTILSMENU" value="Verdana,9,true,false,false"/>
		<uifont name="FONT_TABS" value="Verdana,9,true,false,true"/>
		<uifont name="FONT_PRESENTATIONNAME" value="Verdana,14,false,false,true"/>
		<uifont name="FONT_PRESENTERNAME" value="Verdana,10,true,false,true"/>
		<uifont name="FONT_PRESENTERTITLE" value="Verdana,10,false,false,true"/>
		<uifont name="FONT_BIOBTN" value="Verdana,10,false,false,true"/>
		<uifont name="FONT_NOTES" value="Verdana,11,false,false,false"/>
		<uifont name="FONT_OUTLINE" value="Verdana,11,false,false,true"/>
		<uifont name="FONT_SEARCH" value="Verdana,11,false,false,true"/>
		<uifont name="FONT_THUMB" value="Verdana,9,false,false,true"/>
		<uifont name="FONT_BIOWIN" value="Verdana,11,false,false,false"/>
		<uifont name="FONT_LISTHEADING" value="Verdana,9,false,false,false"/>
		<uifont name="FONT_WINTITLE" value="Verdana,9,false,false,true"/>
		<uifont name="FONT_ATTACHMENTS" value="Verdana,11,false,false,true"/>
		<!-- uitext -->
		<!-- substitution: %n == slide number -->
		<uitext name="UNNAMEDSLIDETITLE" value="Slide %n"/>
		<!-- substitution: %n == slide number -->
		<!-- substitution: %t == total slide count -->
		<uitext name="SCRUBBARSTATUS_SLIDEINFO" value="Slide %n / %t | "/>
		<uitext name="SCRUBBARSTATUS_STOPPED" value="Parado"/>
		<uitext name="SCRUBBARSTATUS_PLAYING" value="Reproduzindo"/>
		<uitext name="SCRUBBARSTATUS_NOAUDIO" value="Sem áudio"/>
		<uitext name="SCRUBBARSTATUS_LOADING" value="Carregando"/>
		<uitext name="SCRUBBARSTATUS_BUFFERING" value="Armazenando em buffer"/>
		<uitext name="SCRUBBARSTATUS_QUESTION" value="Responder pergunta"/>
		<uitext name="SCRUBBARSTATUS_REVIEWQUIZ" value="Revisando questionário"/>
		<!-- substitution: %m == minutes remaining -->
		<!-- substitution: %s == seconds remaining -->
		<uitext name="ELAPSED" value="%m minutos %s segundos restantes"/>
		<uitext name="NOTFOUND" value="Nada encontrado"/>
		<uitext name="ATTACHMENTS" value="Anexos"/>
		<!-- substitution: %p == current speaker's title -->
		<uitext name="BIOWIN_TITLE" value="Bio: %p"/>
		<uitext name="BIOBTN_TITLE" value="Bio"/>
		<uitext name="DIVIDERBTN_TITLE" value="|"/>
		<uitext name="CONTACTBTN_TITLE" value="Contato"/>
		<uitext name="TAB_OUTLINE" value="Esquema"/>
		<uitext name="TAB_THUMB" value="Mini"/>
		<uitext name="TAB_NOTES" value="Notas"/>
		<uitext name="TAB_SEARCH" value="Busca"/>
		<uitext name="SLIDE_HEADING" value="Título do slide"/>
		<uitext name="DURATION_HEADING" value="Duração"/>
		<uitext name="SEARCH_HEADING" value="Procurar texto:"/>
		<uitext name="THUMB_HEADING" value="Slide"/>
		<uitext name="THUMB_INFO" value="Título/Duração do slide"/>
		<uitext name="ATTACHNAME_HEADING" value="Nome do arquivo"/>
		<uitext name="ATTACHSIZE_HEADING" value="Tamanho"/>
		<uitext name="SLIDE_NOTES" value="Anotações do slide"/>
		<!-- substitution: %p == presentation title -->
		<!-- substitution: %s == slide title -->
		<!-- substitution: %n == slide number -->
		<uitext name="BOOKMARK" value="Adobe Presenter - %p"/>
		<!-- substitution: %p == presentation title -->
		<!-- substitution: %s == slide title -->
		<!-- substitution: %n == slide number -->
		<uitext name="BOOKMARKSLIDE" value="Adobe Presenter - %p %s"/>
		<uitext name="SHOWSIDEBAR" value="Mostrar barra lateral ao participantes"/>
		<uitext name="MUTE" value="Mudo"/>
		<uitext name="DOCWRAP_TITLE" value="Anexo de arquivo do Presenter"/>
		<uitext name="DOCWRAP_MSG" value="Salvar em Meu computador"/>
		<uitext name="DOCWRAP_PROMPT" value="Clique para baixar"/>
	</language>
</configuration>
